All,Perf. Sensitive,Perf. Insensitive,Safetune,DiagConfig,Not Found in Ver. 4.0.5
authorizer,commitlog_sync_period_in_ms,streaming_connections_per_host,truncate_request_timeout_in_ms,truncate_request_timeout_in_ms,otc_coalescing_window_us
commitlog_sync_group_window_in_ms,truncate_request_timeout_in_ms,cdc_free_space_check_interval_ms,row_cache_size_in_mb,partitioner,otc_coalescing_enough_coalesced_messages
repaired_data_tracking_for_range_reads_enabled,hinted_handoff_throttle_in_kb,listen_address,cluster_name,hinted_handoff_enabled,otc_backlog_expiration_interval_ms
buffer_pool_use_heap_if_exhausted,commitlog_compression,listen_interface_prefer_ipv6,hinted_handoff_throttle_in_kb,cdc_enabled,back_pressure_enabled
internode_tcp_connect_timeout_in_ms,max_hint_window_in_ms,rpc_interface,commitlog_compression,allocate_tokens_for_local_replication_factor,
row_cache_size_in_mb,partitioner,replica_filtering_protection,prepared_statements_cache_size_mb,start_native_transport,
counter_cache_keys_to_save,enable_sasi_indexes,concurrent_materialized_view_builders,hints_compression,enable_sasi_indexes,
data_file_directories,row_cache_save_period,max_hints_file_size_in_mb,permissions_validity_in_ms,row_cache_save_period,
memtable_allocation_type,key_cache_size_in_mb,cdc_total_space_in_mb,counter_write_request_timeout_in_ms,concurrent_reads,
internode_application_receive_queue_reserve_global_capacity_in_bytes,enable_materialized_views,tombstone_failure_threshold,batch_size_fail_threshold_in_kb,commitlog_compression,
table_count_warn_threshold,allocate_tokens_for_keyspace,tracetype_query_ttl,hinted_handoff_disabled_datacenters,report_unconfirmed_repaired_data_mismatches,
request_timeout_in_ms,cas_contention_timeout_in_ms,repair_session_space_in_mb,native_transport_max_concurrent_connections_per_ip,enable_drop_compact_storage,
internode_application_receive_queue_reserve_endpoint_capacity_in_bytes,inter_dc_tcp_nodelay,column_index_cache_size_in_kb,counter_cache_keys_to_save,file_cache_size_in_mb,
allocate_tokens_for_keyspace,enable_drop_compact_storage,hinted_handoff_disabled_datacenters,native_transport_port_ssl,networking_cache_size_in_mb,
num_tokens,allocate_tokens_for_local_replication_factor,gc_log_threshold_in_ms,compaction_throughput_mb_per_sec,num_tokens,
concurrent_writes,concurrent_writes,roles_update_interval_in_ms,native_transport_max_threads,keyspace_count_warn_threshold,
max_hints_delivery_threads,file_cache_size_in_mb,enable_user_defined_functions,concurrent_compactors,transparent_data_encryption_options,
cache_load_timeout_seconds,counter_write_request_timeout_in_ms,internode_application_receive_queue_reserve_global_capacity_in_bytes,row_cache_class_name,request_timeout_in_ms,
hints_directory,hinted_handoff_enabled,authorizer,rpc_address,counter_write_request_timeout_in_ms,
disk_failure_policy,concurrent_counter_writes,role_manager,key_cache_save_period,cas_contention_timeout_in_ms,
dynamic_snitch_badness_threshold,commitlog_segment_size_in_mb,data_file_directories,broadcast_address,endpoint_snitch,
start_native_transport,read_request_timeout_in_ms,cross_node_timeout,rpc_interface_prefer_ipv6,table_count_warn_threshold,
listen_on_broadcast_address,initial_token,saved_caches_directory,max_hint_window_in_ms,enable_materialized_views,
column_index_cache_size_in_kb,roles_validity_in_ms,internode_compression,counter_cache_save_period,allocate_tokens_for_keyspace,
native_transport_flush_in_batches_legacy,endpoint_snitch,concurrent_validations,partitioner,commitlog_segment_size_in_mb,
repaired_data_tracking_for_partition_reads_enabled,dynamic_snitch_update_interval_in_ms,start_native_transport,enable_user_defined_functions,concurrent_writes,
hints_compression,prepared_statements_cache_size_mb,memtable_heap_space_in_mb,internode_authenticator,incremental_backups,
storage_port,cache_load_timeout_seconds,max_hints_delivery_threads,hinted_handoff_enabled,role_manager,
counter_write_request_timeout_in_ms,concurrent_materialized_view_writes,native_transport_max_concurrent_connections,row_cache_save_period,concurrent_counter_writes,
concurrent_compactors,periodic_commitlog_sync_lag_block_in_ms,flush_compression,trickle_fsync,memtable_flush_writers,
repair_session_space_in_mb,native_transport_flush_in_batches_legacy,trickle_fsync_interval_in_kb,cdc_free_space_check_interval_ms,commitlog_sync_period_in_ms,
incremental_backups,commitlog_sync,repaired_data_tracking_for_partition_reads_enabled,native_transport_port,key_cache_save_period,
client_encryption_options,server_encryption_options,internode_tcp_connect_timeout_in_ms,roles_validity_in_ms,concurrent_materialized_view_writes,
index_summary_capacity_in_mb,native_transport_max_threads,credentials_validity_in_ms,read_request_timeout_in_ms,initial_token,
inter_dc_stream_throughput_outbound_megabits_per_sec,ideal_consistency_level,row_cache_keys_to_save,num_tokens,max_hint_window_in_ms,
enable_sasi_indexes,hints_flush_period_in_ms,max_value_size_in_mb,authenticator,range_request_timeout_in_ms,
roles_validity_in_ms,range_request_timeout_in_ms,snapshot_links_per_second,listen_on_broadcast_address,client_encryption_options,
inter_dc_tcp_nodelay,table_count_warn_threshold,internode_application_receive_queue_reserve_endpoint_capacity_in_bytes,sstable_preemptive_open_interval_in_mb,,
enable_user_defined_functions,concurrent_reads,compaction_throughput_mb_per_sec,rpc_keepalive,,
concurrent_materialized_view_builders,networking_cache_size_in_mb,disk_optimization_strategy,credentials_validity_in_ms,,
stream_throughput_outbound_megabits_per_sec,transparent_data_encryption_options,gc_warn_threshold_in_ms,cas_contention_timeout_in_ms,,
slow_query_log_timeout_in_ms,write_request_timeout_in_ms,native_transport_port_ssl,cdc_raw_directory,,
rpc_address,keyspace_count_warn_threshold,internode_streaming_tcp_user_timeout_in_ms,slow_query_log_timeout_in_ms,,
cdc_enabled,num_tokens,native_transport_allow_older_protocols,memtable_heap_space_in_mb,,
counter_cache_save_period,request_timeout_in_ms,rpc_keepalive,permissions_update_interval_in_ms,,
native_transport_max_frame_size_in_mb,memtable_flush_writers,stream_entire_sstables,commitlog_directory,,
internode_streaming_tcp_user_timeout_in_ms,client_encryption_options,commitlog_sync_group_window_in_ms,listen_interface_prefer_ipv6,,
periodic_commitlog_sync_lag_block_in_ms,key_cache_save_period,stream_throughput_outbound_megabits_per_sec,max_hints_file_size_in_mb,,
compaction_throughput_mb_per_sec,compaction_large_partition_warning_threshold_mb,ssl_storage_port,disk_failure_policy,,
auto_snapshot,,internode_application_send_queue_reserve_endpoint_capacity_in_bytes,batch_size_warn_threshold_in_kb,,
enable_transient_replication,,permissions_validity_in_ms,cross_node_timeout,,
broadcast_rpc_address,,counter_cache_save_period,commitlog_segment_size_in_mb,,
credentials_validity_in_ms,,memtable_cleanup_threshold,max_hints_delivery_threads,,
counter_cache_size_in_mb,,index_summary_capacity_in_mb,compaction_large_partition_warning_threshold_mb,,
hinted_handoff_disabled_datacenters,,unlogged_batch_across_partitions_warn_threshold,counter_cache_size_in_mb,,
allocate_tokens_for_local_replication_factor,,permissions_update_interval_in_ms,index_summary_capacity_in_mb,,
range_request_timeout_in_ms,,internode_tcp_user_timeout_in_ms,memtable_flush_writers,,
role_manager,,phi_convict_threshold,initial_token,,
listen_address,,credentials_update_interval_in_ms,file_cache_size_in_mb,,
internode_tcp_user_timeout_in_ms,,key_cache_keys_to_save,tracetype_query_ttl,,
diagnostic_events_enabled,,native_transport_max_concurrent_connections_per_ip,snapshot_before_compaction,,
file_cache_size_in_mb,,inter_dc_stream_throughput_outbound_megabits_per_sec,credentials_update_interval_in_ms,,
native_transport_max_threads,,incremental_backups,ideal_consistency_level,,
batchlog_replay_throttle_in_kb,,full_query_logging_options,cdc_enabled,,
trickle_fsync,,network_authorizer,rpc_interface,,
seed_provider,,row_cache_class_name,inter_dc_tcp_nodelay,,
stream_entire_sstables,,broadcast_address,internode_compression,,
commitlog_directory,,memtable_offheap_space_in_mb,listen_interface,,
streaming_connections_per_host,,internode_socket_send_buffer_size_in_bytes,saved_caches_directory,,
commitlog_sync_batch_window_in_ms,,enable_scripted_user_defined_functions,key_cache_keys_to_save,,
gc_warn_threshold_in_ms,,disk_failure_policy,max_value_size_in_mb,,
tombstone_failure_threshold,,diagnostic_events_enabled,authorizer,,
unlogged_batch_across_partitions_warn_threshold,,cdc_raw_directory,index_summary_resize_interval_in_minutes,,
disk_optimization_strategy,,listen_on_broadcast_address,gc_log_threshold_in_ms,,
keyspace_count_warn_threshold,,commitlog_total_space_in_mb,row_cache_keys_to_save,,
tombstone_warn_threshold,,snapshot_before_compaction,ssl_storage_port,,
max_value_size_in_mb,,slow_query_log_timeout_in_ms,endpoint_snitch,,
cdc_raw_directory,,audit_logging_options,auto_snapshot,,
listen_interface_prefer_ipv6,,commit_failure_policy,enable_scripted_user_defined_functions,,
network_authorizer,,commitlog_sync_batch_window_in_ms,memtable_allocation_type,,
internode_socket_send_buffer_size_in_bytes,,enable_transient_replication,commitlog_sync,,
windows_timer_interval,,dynamic_snitch_badness_threshold,column_index_cache_size_in_kb,,
commitlog_sync_period_in_ms,,rpc_interface_prefer_ipv6,hints_flush_period_in_ms,,
concurrent_validations,,counter_cache_keys_to_save,roles_update_interval_in_ms,,
max_concurrent_automatic_sstable_upgrades,,hints_directory,incremental_backups,,
ssl_storage_port,,internode_application_receive_queue_capacity_in_bytes,range_request_timeout_in_ms,,
cluster_name,,windows_timer_interval,dynamic_snitch_reset_interval_in_ms,,
dynamic_snitch_update_interval_in_ms,,max_concurrent_automatic_sstable_upgrades,write_request_timeout_in_ms,,
concurrent_materialized_view_writes,,listen_interface,start_native_transport,,
snapshot_before_compaction,,index_summary_resize_interval_in_minutes,commit_failure_policy,,
credentials_update_interval_in_ms,,counter_cache_size_in_mb,concurrent_reads,,
replica_filtering_protection,,row_cache_size_in_mb,commitlog_total_space_in_mb,,
compaction_large_partition_warning_threshold_mb,,batchlog_replay_throttle_in_kb,dynamic_snitch_update_interval_in_ms,,
enable_scripted_user_defined_functions,,rpc_address,storage_port,,
internode_application_send_queue_reserve_global_capacity_in_bytes,,concurrent_compactors,transparent_data_encryption_options,,
enable_drop_compact_storage,,internode_application_send_queue_capacity_in_bytes,request_timeout_in_ms,,
permissions_validity_in_ms,,report_unconfirmed_repaired_data_mismatches,gc_warn_threshold_in_ms,,
memtable_offheap_space_in_mb,,internode_application_send_queue_reserve_global_capacity_in_bytes,hints_directory,,
rpc_keepalive,,trickle_fsync,native_transport_max_concurrent_connections,,
key_cache_keys_to_save,,broadcast_rpc_address,cdc_total_space_in_mb,,
internode_compression,,native_transport_port,batchlog_replay_throttle_in_kb,,
enable_materialized_views,,seed_provider,data_file_directories,,
permissions_update_interval_in_ms,,dynamic_snitch_reset_interval_in_ms,allocate_tokens_for_keyspace,,
memtable_cleanup_threshold,,tombstone_warn_threshold,column_index_size_in_kb,,
concurrent_counter_writes,,authenticator,native_transport_max_frame_size_in_mb,,
gc_log_threshold_in_ms,,hints_compression,memtable_cleanup_threshold,,
native_transport_allow_older_protocols,,cdc_enabled,concurrent_writes,,
endpoint_snitch,,storage_port,role_manager,,
native_transport_port,,sstable_preemptive_open_interval_in_mb,listen_address,,
initial_token,,local_system_data_file_directory,concurrent_materialized_view_writes,,
key_cache_save_period,,repaired_data_tracking_for_range_reads_enabled,broadcast_rpc_address,,
local_system_data_file_directory,,internode_socket_receive_buffer_size_in_bytes,key_cache_size_in_mb,,
commit_failure_policy,,file_cache_enabled,,,
cross_node_timeout,,memtable_allocation_type,,,
hinted_handoff_enabled,,batch_size_fail_threshold_in_kb,,,
sstable_preemptive_open_interval_in_mb,,commitlog_directory,,,
tracetype_query_ttl,,streaming_keep_alive_period_in_secs,,,
cdc_free_space_check_interval_ms,,batch_size_warn_threshold_in_kb,,,
memtable_heap_space_in_mb,,internode_authenticator,,,
hints_flush_period_in_ms,,cluster_name,,,
commitlog_compression,,auto_snapshot,,,
native_transport_port_ssl,,column_index_size_in_kb,,,
key_cache_size_in_mb,,buffer_pool_use_heap_if_exhausted,,,
commitlog_total_space_in_mb,,native_transport_max_frame_size_in_mb,,,
internode_application_send_queue_reserve_endpoint_capacity_in_bytes,,,,,
batch_size_fail_threshold_in_kb,,,,,
listen_interface,,,,,
rpc_interface_prefer_ipv6,,,,,
memtable_flush_writers,,,,,
prepared_statements_cache_size_mb,,,,,
rpc_interface,,,,,
audit_logging_options,,,,,
concurrent_reads,,,,,
internode_application_send_queue_capacity_in_bytes,,,,,
networking_cache_size_in_mb,,,,,
transparent_data_encryption_options,,,,,
authenticator,,,,,
full_query_logging_options,,,,,
commitlog_segment_size_in_mb,,,,,
write_request_timeout_in_ms,,,,,
max_hint_window_in_ms,,,,,
server_encryption_options,,,,,
truncate_request_timeout_in_ms,,,,,
roles_update_interval_in_ms,,,,,
internode_socket_receive_buffer_size_in_bytes,,,,,
internode_application_receive_queue_capacity_in_bytes,,,,,
phi_convict_threshold,,,,,
flush_compression,,,,,
native_transport_max_concurrent_connections_per_ip,,,,,
batch_size_warn_threshold_in_kb,,,,,
max_hints_file_size_in_mb,,,,,
commitlog_sync,,,,,
partitioner,,,,,
internode_authenticator,,,,,
row_cache_class_name,,,,,
column_index_size_in_kb,,,,,
saved_caches_directory,,,,,
file_cache_enabled,,,,,
trickle_fsync_interval_in_kb,,,,,
ideal_consistency_level,,,,,
row_cache_keys_to_save,,,,,
native_transport_max_concurrent_connections,,,,,
broadcast_address,,,,,
hinted_handoff_throttle_in_kb,,,,,
index_summary_resize_interval_in_minutes,,,,,
dynamic_snitch_reset_interval_in_ms,,,,,
snapshot_links_per_second,,,,,
cas_contention_timeout_in_ms,,,,,
row_cache_save_period,,,,,
report_unconfirmed_repaired_data_mismatches,,,,,
cdc_total_space_in_mb,,,,,
streaming_keep_alive_period_in_secs,,,,,
read_request_timeout_in_ms,,,,,
