Batik,Cassandra,Catena,Dconverter,H2,Kanzi,Prevayler,Sunflow
destinationType,truncate_request_timeout_in_ms,_hPrime,threadCount,ANALYZE_AUTO,level,_transactionDeepCopyMode,threads
WIDTH,partitioner,_gamma,haltOnError,ANALYZE_SAMPLE,verbosity,_transientMode,depths.diffuse
HEIGHT,hinted_handoff_enabled,_phi,postConvertWebp,COMPRESS,entropy,_journalDiskSync,bucket.size
MAX_WIDTH,cdc_enabled,_gHigh,enablePngCrush,MV_STORE,transform,_clock,gi.igi.samples
MAX_HEIGHT,allocate_tokens_for_local_replication_factor,_gLow,enableMozJpeg,OPTIMIZE_EVALUATABLE_SUBQUERIES,blockSize,_monitor,
area,start_native_transport,_lambda,,OPTIMIZE_IN_LIST,jobs,_journalSizeThreshold,
backgroundColor,enable_sasi_indexes,,,OPTIMIZE_IN_SELECT,checksum,_journalAgeThreshold,
indexed,row_cache_save_period,,,OPTIMIZE_INSERT_FROM_SELECT,skipBlocks,_journalSerializer,
,concurrent_reads,,,OPTIMIZE_OR,mode,,
,commitlog_compression,,,OPTIMIZE_TWO_EQUALS,pool,,
,report_unconfirmed_repaired_data_mismatches,,,RECOMPILE_ALWAYS,,,
,enable_drop_compact_storage,,,AUTO_COMPACT_FILL_RATE,,,
,file_cache_size_in_mb,,,OPTIMIZE_DISTINCT,,,
,networking_cache_size_in_mb,,,OPTIMIZE_SIMPLE_SINGLE_ROW_SUBQUERIES,,,
,num_tokens,,,OPTIMIZE_TWO_EQUALS,,,
,keyspace_count_warn_threshold,,,QUERY_CACHE_SIZE,,,
,transparent_data_encryption_options,,,,,,
,request_timeout_in_ms,,,,,,
,counter_write_request_timeout_in_ms,,,,,,
,cas_contention_timeout_in_ms,,,,,,
,endpoint_snitch,,,,,,
,table_count_warn_threshold,,,,,,
,enable_materialized_views,,,,,,
,allocate_tokens_for_keyspace,,,,,,
,commitlog_segment_size_in_mb,,,,,,
,concurrent_writes,,,,,,
,incremental_backups,,,,,,
,role_manager,,,,,,
,concurrent_counter_writes,,,,,,
,memtable_flush_writers,,,,,,
,commitlog_sync_period_in_ms,,,,,,
,key_cache_save_period,,,,,,
,concurrent_materialized_view_writes,,,,,,
,initial_token,,,,,,
,max_hint_window_in_ms,,,,,,
,range_request_timeout_in_ms,,,,,,
,client_encryption_options,,,,,,
